CHROM	POS	position	REF	ALT	sample1_REF	sample1_ALT	sample1_AF	sample2_REF	sample2_ALT	sample2_AF	sample3_REF	sample3_ALT	sample3_AF	NORMAL_REF	NORMAL_ALT
1	916362	1:916362	G	C	474	0	0.00	333	0	0.00	305	38	0.11	92	0
1	6679978	1:6679978	C	G	225	0	0.00	149	0	0.01	188	0	0.01	38	0
1	100731921	1:100731921	G	A	125	0	0.01	94	0	0.01	84	19	0.19	38	0
1	182569467	1:182569467	G	T	98	0	0.01	92	0	0.01	83	0	0.01	44	0
2	99012939	2:99012939	C	T	598	0	0.00	502	114	0.18	542	0	0.00	320	0
3	32932653	3:32932653	T	G	493	1	0.00	382	160	0.29	492	0	0.00	264	0
3	58064498	3:58064498	G	A	287	0	0.00	328	0	0.00	299	0	0.00	84	0
4	54011676	4:54011676	G	C	173	0	0.01	172	1	0.01	157	49	0.24	121	0
4	57777257	4:57777257	C	A	124	0	0.01	84	0	0.01	102	21	0.17	35	0
4	110791192	4:110791192	C	A	69	1	0.02	58	0	0.02	92	0	0.01	42	0
5	41201636	5:41201636	C	T	195	55	0.22	312	0	0.00	244	0	0.00	191	0
5	140745456	5:140745456	T	G	378	0	0.00	296	95	0.24	368	0	0.00	163	0
5	141051106	5:141051106	C	A	87	0	0.01	121	0	0.01	78	17	0.18	34	0
5	149584317	5:149584317	G	C	79	1	0.02	97	0	0.01	99	0	0.01	43	0
6	43044748	6:43044748	C	T	214	0	0.00	202	0	0.00	154	20	0.12	33	0
7	43827557	7:43827557	C	T	393	0	0.00	310	99	0.24	456	0	0.00	91	0
7	99306748	7:99306748	A	T	258	0	0.00	322	0	0.00	292	0	0.00	184	0
7	100662038	7:100662038	G	T	273	48	0.15	297	0	0.00	306	0	0.00	69	0
8	1616661	8:1616661	C	A	473	0	0.00	417	105	0.20	374	2	0.01	220	0
8	96057774	8:96057774	A	T	39	0	0.02	56	0	0.02	45	0	0.02	11	0
8	121706096	8:121706096	G	A	228	1	0.01	275	0	0.00	227	34	0.13	113	0
8	144790019	8:144790019	G	A	360	98	0.21	450	0	0.00	354	0	0.00	129	0
9	139405727	9:139405727	C	T	159	0	0.01	112	32	0.22	107	0	0.01	69	0
10	24825621	10:24825621	C	T	79	0	0.01	92	23	0.20	88	0	0.01	55	0
10	52576069	10:52576069	C	T	95	0	0.01	101	0	0.01	114	18	0.14	78	0
11	7111477	11:7111477	G	A	269	0	0.00	254	0	0.00	201	0	0.00	112	0
12	56347854	12:56347854	G	A	92	0	0.01	114	0	0.01	118	0	0.01	24	0
12	70949723	12:70949723	C	T	95	60	0.39	97	62	0.39	122	52	0.30	108	0
12	77222187	12:77222187	C	G	126	0	0.01	143	0	0.01	122	0	0.01	38	0
14	93151449	14:93151449	G	A	170	0	0.01	93	30	0.25	133	0	0.01	67	0
16	72156855	16:72156855	C	G	166	0	0.01	194	0	0.01	152	20	0.12	169	0
17	36485406	17:36485406	G	A	188	64	0.24	242	0	0.00	198	0	0.00	74	0
17	48265971	17:48265971	C	A	159	1	0.01	95	27	0.21	123	0	0.01	30	0
17	62487031	17:62487031	C	T	345	0	0.00	399	2	0.00	357	0	0.00	36	0
18	34378538	18:34378538	G	C	194	0	0.01	123	54	0.31	168	0	0.01	63	0
19	11325121	19:11325121	G	C	348	1	0.00	339	0	0.00	346	2	0.00	67	0
19	57723439	19:57723439	G	T	292	0	0.00	331	0	0.00	274	0	0.00	108	0
20	58564309	20:58564309	C	T	67	0	0.01	62	0	0.02	63	17	0.21	37	0
21	38095404	21:38095404	C	T	202	53	0.21	314	0	0.00	255	0	0.00	124	0
22	17072765	22:17072765	C	A	668	0	0.00	639	0	0.00	577	0	0.00	117	0
22	31011463	22:31011463	G	T	453	113	0.19	504	0	0.00	449	1	0.00	126	0
X	63488593	X:63488593	C	A	96	0	0.01	95	1	0.01	102	1	0.01	68	0
